<gmd:MD_Metadata xmlns:gco="http://www.isotc211.org/2005/gco" xmlns:gmd="http://www.isotc211.org/2005/gmd" xmlns:gml="http://www.opengis.net/gml" xmlns:gts="http://www.isotc211.org/2005/gts" xmlns:xlink="http://www.w3.org/1999/xlink/" xmlns:xsi="http://www.w3.org/2001/XMLSchema-instance"><gmd:fileIdentifier><gco:CharacterString>541f4ef6-762b-11e9-861d-ecb1d753f6e8</gco:CharacterString></gmd:fileIdentifier><gmd:language><gmd:LanguageCode codeList="./resources/codeList.xml#LanguageCode" codeListValue="spa">spa</gmd:LanguageCode></gmd:language><gmd:characterSet><gmd:MD_CharacterSetCode codeList="./resources/codeList.xml#MD_CharacterSetCode" codeListValue="utf8">utf8</gmd:MD_CharacterSetCode></gmd:characterSet><gmd:parentIdentifier gco:nilReason="missing"/><gmd:hierarchyLevel><gmd:MD_ScopeCode codeList="./resources/codeList.xml#MD_ScopeCode" codeListValue="dataset">dataset</gmd:MD_ScopeCode></gmd:hierarchyLevel><gmd:hierarchyLevelName gco:nilReason="missing"/><gmd:contact><gmd:CI_ResponsibleParty><gmd:individualName gco:nilReason="missing"/><gmd:organisationName><gco:CharacterString>Ayuntamiento de Madrid. Área de Gobierno de Desarrollo Urbano. Departamento de Cartografía</gco:CharacterString></gmd:organisationName><gmd:positionName gco:nilReason="missing"/><gmd:contactInfo><gmd:CI_Contact><gmd:address><gmd:CI_Address><gmd:electronicMailAddress><gco:CharacterString>dptocartografia@madrid.es</gco:CharacterString></gmd:electronicMailAddress></gmd:CI_Address></gmd:address></gmd:CI_Contact></gmd:contactInfo><gmd:role><gmd:CI_RoleCode codeList="./resources/codeList.xml#CI_RoleCode" codeListValue="pointOfContact">pointOfContact</gmd:CI_RoleCode></gmd:role></gmd:CI_ResponsibleParty></gmd:contact><gmd:dateStamp><gco:Date>2020-12-29</gco:Date></gmd:dateStamp><gmd:metadataStandardName><gco:CharacterString>ISO 19115</gco:CharacterString></gmd:metadataStandardName><gmd:metadataStandardVersion><gco:CharacterString>ISO19115:2003/Cor 1 2006</gco:CharacterString></gmd:metadataStandardVersion><gmd:referenceSystemInfo><gmd:MD_ReferenceSystem><gmd:referenceSystemIdentifier><gmd:RS_Identifier><gmd:authority><gmd:CI_Citation><gmd:title><gco:CharacterString>European Petroleum Survey Group (EPSG)</gco:CharacterString></gmd:title><gmd:alternateTitle><gco:CharacterString>ETRS89 UTM30N</gco:CharacterString></gmd:alternateTitle><gmd:date><gmd:CI_Date><gmd:date><gco:Date>1986-01-01</gco:Date></gmd:date><gmd:dateType><gmd:CI_DateTypeCode codeList="./resources/codeList.xml#CI_DateTypeCode" codeListValue="creation">creation</gmd:CI_DateTypeCode></gmd:dateType></gmd:CI_Date></gmd:date></gmd:CI_Citation></gmd:authority><gmd:code><gco:CharacterString>EPSG:25830</gco:CharacterString></gmd:code></gmd:RS_Identifier></gmd:referenceSystemIdentifier></gmd:MD_ReferenceSystem></gmd:referenceSystemInfo><gmd:identificationInfo><gmd:MD_DataIdentification><gmd:citation><gmd:CI_Citation><gmd:title><gco:CharacterString>Distritos municipales de Madrid</gco:CharacterString></gmd:title><gmd:date><gmd:CI_Date><gmd:date><gco:Date>2020-11-02</gco:Date></gmd:date><gmd:dateType><gmd:CI_DateTypeCode codeList="./resources/codeList.xml#CI_DateTypeCode" codeListValue="revision">revision</gmd:CI_DateTypeCode></gmd:dateType></gmd:CI_Date></gmd:date><gmd:identifier><gmd:RS_Identifier><gmd:code><gco:CharacterString>http://geoportal.madrid.es/metadata/541f4ef6-762b-11e9-861d-ecb1d753f6e8</gco:CharacterString></gmd:code></gmd:RS_Identifier></gmd:identifier></gmd:CI_Citation></gmd:citation><gmd:abstract><gco:CharacterString>Delimitación de los 21 distritos del municipio de Madrid; se indica su nombre y el código de distrito. La delimitación inicial procede de la reestructuración territorial que se llevó a cabo en 1987. En esta versión de fecha 11/2020 se han realizado ajustes de las delimitaciones a los ejes de viario.
  Versión de los datos v3.4.2.1
  
  </gco:CharacterString></gmd:abstract><gmd:pointOfContact><gmd:CI_ResponsibleParty><gmd:individualName gco:nilReason="missing"/><gmd:organisationName><gco:CharacterString>Ayuntamiento de Madrid. Área de Gobierno de Desarrollo Urbano. Departamento de Cartografía</gco:CharacterString></gmd:organisationName><gmd:positionName gco:nilReason="missing"/><gmd:contactInfo><gmd:CI_Contact><gmd:address><gmd:CI_Address><gmd:electronicMailAddress><gco:CharacterString>dptocartografia@madrid.es</gco:CharacterString></gmd:electronicMailAddress></gmd:CI_Address></gmd:address></gmd:CI_Contact></gmd:contactInfo><gmd:role><gmd:CI_RoleCode codeList="./resources/codeList.xml#CI_RoleCode" codeListValue="Punto de contacto">Punto de contacto</gmd:CI_RoleCode></gmd:role></gmd:CI_ResponsibleParty></gmd:pointOfContact><gmd:descriptiveKeywords><gmd:MD_Keywords><gmd:keyword><gco:CharacterString>distritos</gco:CharacterString></gmd:keyword></gmd:MD_Keywords></gmd:descriptiveKeywords><gmd:descriptiveKeywords><gmd:MD_Keywords><gmd:keyword><gco:CharacterString>límite</gco:CharacterString></gmd:keyword></gmd:MD_Keywords></gmd:descriptiveKeywords><gmd:descriptiveKeywords><gmd:MD_Keywords><gmd:keyword><gco:CharacterString>administrativo</gco:CharacterString></gmd:keyword></gmd:MD_Keywords></gmd:descriptiveKeywords><gmd:descriptiveKeywords><gmd:MD_Keywords><gmd:keyword><gco:CharacterString>http://datos.gob.es/kos/sector-publico/sector/urbanismo-infraestructuras</gco:CharacterString></gmd:keyword></gmd:MD_Keywords></gmd:descriptiveKeywords><gmd:descriptiveKeywords><gmd:MD_Keywords><gmd:keyword><gco:CharacterString>http://geoportal.madrid.es/categoria/limites_administrativos</gco:CharacterString></gmd:keyword></gmd:MD_Keywords></gmd:descriptiveKeywords><gmd:resourceConstraints><gmd:MD_Constraints><gmd:useLimitation><gco:CharacterString>https://datos.madrid.es/egob/catalogo/aviso-legal</gco:CharacterString></gmd:useLimitation></gmd:MD_Constraints></gmd:resourceConstraints><gmd:spatialResolution><gmd:MD_Resolution><gmd:equivalentScale><gmd:MD_RepresentativeFraction><gmd:denominator><gco:Integer>1000</gco:Integer></gmd:denominator></gmd:MD_RepresentativeFraction></gmd:equivalentScale></gmd:MD_Resolution></gmd:spatialResolution><gmd:language><gmd:LanguageCode codeList="./resources/codeList.xml#LanguageCode" codeListValue="spa">spa</gmd:LanguageCode></gmd:language><gmd:characterSet><gmd:MD_CharacterSetCode codeList="./resources/codeList.xml#MD_CharacterSetCode" codeListValue="utf8">utf8</gmd:MD_CharacterSetCode></gmd:characterSet><gmd:topicCategory><gmd:MD_TopicCategoryCode>imageryBaseMapsEarthCover</gmd:MD_TopicCategoryCode></gmd:topicCategory><gmd:extent><gmd:EX_Extent><gmd:description gco:nilReason="missing"/><gmd:geographicElement><gmd:EX_GeographicBoundingBox><gmd:westBoundLongitude><gco:Decimal>-3.888585</gco:Decimal></gmd:westBoundLongitude><gmd:eastBoundLongitude><gco:Decimal>-3.516245</gco:Decimal></gmd:eastBoundLongitude><gmd:southBoundLatitude><gco:Decimal>40.311410</gco:Decimal></gmd:southBoundLatitude><gmd:northBoundLatitude><gco:Decimal>40.645133 </gco:Decimal></gmd:northBoundLatitude></gmd:EX_GeographicBoundingBox></gmd:geographicElement><gmd:temporalElement gco:nilReason="missing"/><gmd:verticalElement gco:nilReason="missing"/></gmd:EX_Extent></gmd:extent></gmd:MD_DataIdentification></gmd:identificationInfo><gmd:distributionInfo><gmd:MD_Distribution><gmd:distributionFormat><gmd:MD_Format><gmd:name><gco:CharacterString>SHP</gco:CharacterString></gmd:name><gmd:version><gco:CharacterString>-</gco:CharacterString></gmd:version></gmd:MD_Format></gmd:distributionFormat><gmd:distributionFormat><gmd:MD_Format><gmd:name><gco:CharacterString>KML</gco:CharacterString></gmd:name><gmd:version><gco:CharacterString>-</gco:CharacterString></gmd:version></gmd:MD_Format></gmd:distributionFormat><gmd:transferOptions><gmd:MD_DigitalTransferOptions><gmd:onLine><gmd:CI_OnlineResource><gmd:linkage><gmd:URL>http://geoportal.madrid.es/fsdescargas/IDEAM_WBGEOPORTAL/LIMITES_ADMINISTRATIVOS/Distritos/distritos.zip</gmd:URL></gmd:linkage><gmd:protocol><gco:CharacterString>WWW:DOWNLOAD-1.0-http--download</gco:CharacterString></gmd:protocol><gmd:name><gco:CharacterString>Distritos</gco:CharacterString></gmd:name><gmd:description><gco:CharacterString>Polígonos. Formato shp.</gco:CharacterString></gmd:description><gmd:function><gmd:CI_OnLineFunctionCode codeList="./resources/codeList.xml#CI_OnLineFunctionCode" codeListValue="information">information</gmd:CI_OnLineFunctionCode></gmd:function></gmd:CI_OnlineResource></gmd:onLine><gmd:onLine><gmd:CI_OnlineResource><gmd:linkage><gmd:URL>https://geoportal.madrid.es/fsdescargas/IDEAM_WBGEOPORTAL/LIMITES_ADMINISTRATIVOS/Distritos/distritos.kml</gmd:URL></gmd:linkage><gmd:protocol><gco:CharacterString>WWW:LINK-1.0-http--link</gco:CharacterString></gmd:protocol><gmd:name><gco:CharacterString>Distritos</gco:CharacterString></gmd:name><gmd:description><gco:CharacterString>Delimitaciones. Formato Kml.</gco:CharacterString></gmd:description></gmd:CI_OnlineResource></gmd:onLine><gmd:onLine><gmd:CI_OnlineResource><gmd:linkage><gmd:URL>https://geoportal.madrid.es/fsdescargas/IDEAM_WBGEOPORTAL/LIMITES_ADMINISTRATIVOS/Barrios/Historicos/Divisiones_Historicas.zip</gmd:URL></gmd:linkage><gmd:protocol><gco:CharacterString>WWW:DOWNLOAD-1.0-http—download</gco:CharacterString></gmd:protocol><gmd:name><gco:CharacterString>Divisiones administrativas históricas.</gco:CharacterString></gmd:name><gmd:description><gco:CharacterString>Polígonos. Formato shp.</gco:CharacterString></gmd:description></gmd:CI_OnlineResource></gmd:onLine></gmd:MD_DigitalTransferOptions></gmd:transferOptions></gmd:MD_Distribution></gmd:distributionInfo><gmd:dataQualityInfo><gmd:DQ_DataQuality><gmd:scope><gmd:DQ_Scope><gmd:level><gmd:MD_ScopeCode codeList="./resources/codeList.xml#MD_ScopeCode" codeListValue="Series">Series</gmd:MD_ScopeCode></gmd:level><gmd:levelDescription gco:nilReason="missing"/></gmd:DQ_Scope></gmd:scope><gmd:report gco:nilReason="missing"/><gmd:lineage><gmd:LI_Lineage><gmd:statement><gco:CharacterString>Se actualiza de la versión anterior de límites de distritos</gco:CharacterString></gmd:statement><gmd:processStep gco:nilReason="missing"/><gmd:source gco:nilReason="missing"/></gmd:LI_Lineage></gmd:lineage></gmd:DQ_DataQuality></gmd:dataQualityInfo><gmd:metadataMaintenance><gmd:MD_MaintenanceInformation><gmd:maintenanceAndUpdateFrequency><gmd:MD_MaintenanceFrequencyCode codeList="./resources/codeList.xml#MD_MaintenanceFrequencyCode" codeListValue="continual">continual</gmd:MD_MaintenanceFrequencyCode></gmd:maintenanceAndUpdateFrequency></gmd:MD_MaintenanceInformation></gmd:metadataMaintenance><Esri><CreaDate>20210408</CreaDate><CreaTime>14111800</CreaTime><ArcGISstyle>ISO 19139 Metadata Implementation Specification GML3.2</ArcGISstyle><SyncOnce>FALSE</SyncOnce><DataProperties><itemProps><itemLocation><linkage Sync="TRUE">file://\\5CG0439XZF\C$\APOT\2024\TEMPORAL_2024\LTM\2024\DISTRITOS.shp</linkage><protocol Sync="TRUE">Local Area Network</protocol></itemLocation><itemName Sync="TRUE">DISTRITOS</itemName><imsContentType Sync="TRUE">002</imsContentType><itemSize Sync="TRUE">0.000</itemSize></itemProps><copyHistory><copy source="S:\CARTOGRAFIA\Limites_administrativos_interiores\REVISION_2019_delimitaciones\MERGE\Definitivos_Noviembre_2020\Distritos" dest="\\Bigdata\cartografia\CARTOGRAFIA\Limites_administrativos_interiores\REVISION_2019_delimitaciones\MERGE\SDE\Distritos" date="20201230" time="08411800"/></copyHistory><coordRef><type Sync="TRUE">Projected</type><geogcsn Sync="TRUE">GCS_ETRS_1989</geogcsn><csUnits Sync="TRUE">Linear Unit: Meter (1.000000)</csUnits><projcsn Sync="TRUE">ETRS_1989_UTM_Zone_30N</projcsn><peXml Sync="TRUE">&lt;ProjectedCoordinateSystem xsi:type='typens:ProjectedCoordinateSystem' xmlns:xsi='http://www.w3.org/2001/XMLSchema-instance' xmlns:xs='http://www.w3.org/2001/XMLSchema' xmlns:typens='http://www.esri.com/schemas/ArcGIS/2.9.0'&gt;&lt;WKT&gt;PROJCS[&amp;quot;ETRS_1989_UTM_Zone_30N&amp;quot;,GEOGCS[&amp;quot;GCS_ETRS_1989&amp;quot;,DATUM[&amp;quot;D_ETRS_1989&amp;quot;,SPHEROID[&amp;quot;GRS_1980&amp;quot;,6378137.0,298.257222101]],PRIMEM[&amp;quot;Greenwich&amp;quot;,0.0],UNIT[&amp;quot;Degree&amp;quot;,0.0174532925199433]],PROJECTION[&amp;quot;Transverse_Mercator&amp;quot;],PARAMETER[&amp;quot;False_Easting&amp;quot;,500000.0],PARAMETER[&amp;quot;False_Northing&amp;quot;,0.0],PARAMETER[&amp;quot;Central_Meridian&amp;quot;,-3.0],PARAMETER[&amp;quot;Scale_Factor&amp;quot;,0.9996],PARAMETER[&amp;quot;Latitude_Of_Origin&amp;quot;,0.0],UNIT[&amp;quot;Meter&amp;quot;,1.0],AUTHORITY[&amp;quot;EPSG&amp;quot;,25830]]&lt;/WKT&gt;&lt;XOrigin&gt;-5120900&lt;/XOrigin&gt;&lt;YOrigin&gt;-9998100&lt;/YOrigin&gt;&lt;XYScale&gt;450445547.3910538&lt;/XYScale&gt;&lt;ZOrigin&gt;-100000&lt;/ZOrigin&gt;&lt;ZScale&gt;10000&lt;/ZScale&gt;&lt;MOrigin&gt;-100000&lt;/MOrigin&gt;&lt;MScale&gt;10000&lt;/MScale&gt;&lt;XYTolerance&gt;0.001&lt;/XYTolerance&gt;&lt;ZTolerance&gt;0.001&lt;/ZTolerance&gt;&lt;MTolerance&gt;0.001&lt;/MTolerance&gt;&lt;HighPrecision&gt;true&lt;/HighPrecision&gt;&lt;WKID&gt;25830&lt;/WKID&gt;&lt;LatestWKID&gt;25830&lt;/LatestWKID&gt;&lt;/ProjectedCoordinateSystem&gt;</peXml></coordRef><lineage><Process ToolSource="c:\program files (x86)\arcgis\desktop10.5\ArcToolbox\Toolboxes\Conversion Tools.tbx\FeatureClassToFeatureClass" Date="20201230" Time="090958">FeatureClassToFeatureClass Distritos "Conexiones de base de datos\PRO SIG_CARTOGRAFIA_OWNER.sde\SIG_CARTOGRAFIA.CARTOGRAFIA.LIMITES_ADMINISTRATIVOS" DISTRITOS_20201102_P # "Shape_Leng "Shape_Leng" true true false 19 Double 0 0 ,First,#,Distritos,Shape_Leng,-1,-1;Shape_Area "Shape_Area" true true false 19 Double 0 0 ,First,#,Distritos,Shape_Area,-1,-1;COD_DIS "COD_DIS" true true false 2 Text 0 0 ,First,#,Distritos,COD_DIS,-1,-1;COD_DIS_TX "COD_DIS_TX" true true false 2 Text 0 0 ,First,#,Distritos,COD_DIS_TX,-1,-1;NOMBRE "NOMBRE" true true false 25 Text 0 0 ,First,#,Distritos,NOMBRE,-1,-1;DISTRI_MAY "DISTRI_MAY" true true false 25 Text 0 0 ,First,#,Distritos,DISTRI_MAY,-1,-1;DISTRI_MT "DISTRI_MT" true true false 25 Text 0 0 ,First,#,Distritos,DISTRI_MT,-1,-1" #</Process><Process ToolSource="c:\program files (x86)\arcgis\desktop10.5\ArcToolbox\Toolboxes\Data Management Tools.tbx\DeleteFeatures" Date="20210706" Time="170350">DeleteFeatures SIG_CARTOGRAFIA.CARTOGRAFIA.DISTRITOS</Process><Process ToolSource="c:\program files (x86)\arcgis\desktop10.5\ArcToolbox\Toolboxes\Data Management Tools.tbx\Append" Date="20210712" Time="094236">Append Distritos SIG_CARTOGRAFIA.CARTOGRAFIA.DISTRITOS NO_TEST "Shape_Leng "Shape_Leng" true true false 8 Double 8 38 ,First,#,Distritos,Shape_Leng,-1,-1;COD_DIS "COD_DIS" true true false 2 Text 0 0 ,First,#,Distritos,COD_DIS,-1,-1;COD_DIS_TX "COD_DIS_TX" true true false 2 Text 0 0 ,First,#,Distritos,COD_DIS_TX,-1,-1;NOMBRE "NOMBRE" true true false 25 Text 0 0 ,First,#,Distritos,NOMBRE,-1,-1;DISTRI_MAY "DISTRI_MAY" true true false 25 Text 0 0 ,First,#,Distritos,DISTRI_MAY,-1,-1;DISTRI_MT "DISTRI_MT" true true false 25 Text 0 0 ,First,#,Distritos,DISTRI_MT,-1,-1;Shape.STArea() "Shape.STArea()" false false true 0 Double 0 0 ,First,#;Shape.STLength() "Shape.STLength()" false false true 0 Double 0 0 ,First,#" #</Process><Process ToolSource="c:\program files (x86)\arcgis\desktop10.5\ArcToolbox\Toolboxes\Data Management Tools.tbx\DeleteRows" Date="20210720" Time="113336">DeleteRows "Conexiones de base de datos\PRO SIG_CARTOGRAFIA_OWNER.sde\SIG_CARTOGRAFIA.CARTOGRAFIA.LIMITES_ADMINISTRATIVOS\SIG_CARTOGRAFIA.CARTOGRAFIA.DISTRITOS"</Process><Process ToolSource="c:\program files (x86)\arcgis\desktop10.5\ArcToolbox\Toolboxes\Data Management Tools.tbx\Append" Date="20210720" Time="113655">Append 'Conexiones de base de datos\PRO SIG_CARTOGRAFIA_OWNER.sde\SIG_CARTOGRAFIA.CARTOGRAFIA.LIMITES_ADMINISTRATIVOS\SIG_CARTOGRAFIA.CARTOGRAFIA.DISTRITOS_20210712_P' "Conexiones de base de datos\PRO SIG_CARTOGRAFIA_OWNER.sde\SIG_CARTOGRAFIA.CARTOGRAFIA.LIMITES_ADMINISTRATIVOS\SIG_CARTOGRAFIA.CARTOGRAFIA.DISTRITOS" NO_TEST "Shape_Leng "Shape_Leng" true true false 8 Double 8 38 ,First,#;COD_DIS "COD_DIS" true true false 2 Text 0 0 ,First,#,Conexiones de base de datos\PRO SIG_CARTOGRAFIA_OWNER.sde\SIG_CARTOGRAFIA.CARTOGRAFIA.LIMITES_ADMINISTRATIVOS\SIG_CARTOGRAFIA.CARTOGRAFIA.DISTRITOS_20210712_P,COD_DIS,-1,-1;COD_DIS_TX "COD_DIS_TX" true true false 2 Text 0 0 ,First,#,Conexiones de base de datos\PRO SIG_CARTOGRAFIA_OWNER.sde\SIG_CARTOGRAFIA.CARTOGRAFIA.LIMITES_ADMINISTRATIVOS\SIG_CARTOGRAFIA.CARTOGRAFIA.DISTRITOS_20210712_P,COD_DIS_TX,-1,-1;NOMBRE "NOMBRE" true true false 25 Text 0 0 ,First,#,Conexiones de base de datos\PRO SIG_CARTOGRAFIA_OWNER.sde\SIG_CARTOGRAFIA.CARTOGRAFIA.LIMITES_ADMINISTRATIVOS\SIG_CARTOGRAFIA.CARTOGRAFIA.DISTRITOS_20210712_P,NOMBRE,-1,-1;DISTRI_MAY "DISTRI_MAY" true true false 25 Text 0 0 ,First,#,Conexiones de base de datos\PRO SIG_CARTOGRAFIA_OWNER.sde\SIG_CARTOGRAFIA.CARTOGRAFIA.LIMITES_ADMINISTRATIVOS\SIG_CARTOGRAFIA.CARTOGRAFIA.DISTRITOS_20210712_P,DISTRI_MAY,-1,-1;DISTRI_MT "DISTRI_MT" true true false 25 Text 0 0 ,First,#,Conexiones de base de datos\PRO SIG_CARTOGRAFIA_OWNER.sde\SIG_CARTOGRAFIA.CARTOGRAFIA.LIMITES_ADMINISTRATIVOS\SIG_CARTOGRAFIA.CARTOGRAFIA.DISTRITOS_20210712_P,DISTRI_MT,-1,-1;Shape.STArea() "Shape.STArea()" false false true 0 Double 0 0 ,First,#,Conexiones de base de datos\PRO SIG_CARTOGRAFIA_OWNER.sde\SIG_CARTOGRAFIA.CARTOGRAFIA.LIMITES_ADMINISTRATIVOS\SIG_CARTOGRAFIA.CARTOGRAFIA.DISTRITOS_20210712_P,Shape.STArea(),-1,-1;Shape.STLength() "Shape.STLength()" false false true 0 Double 0 0 ,First,#,Conexiones de base de datos\PRO SIG_CARTOGRAFIA_OWNER.sde\SIG_CARTOGRAFIA.CARTOGRAFIA.LIMITES_ADMINISTRATIVOS\SIG_CARTOGRAFIA.CARTOGRAFIA.DISTRITOS_20210712_P,Shape.STLength(),-1,-1" #</Process><Process ToolSource="c:\program files (x86)\arcgis\desktop10.5\ArcToolbox\Toolboxes\Data Management Tools.tbx\DeleteRows" Date="20210720" Time="113828">DeleteRows "Conexiones de base de datos\PRO SIG_CARTOGRAFIA_OWNER.sde\SIG_CARTOGRAFIA.CARTOGRAFIA.LIMITES_ADMINISTRATIVOS\SIG_CARTOGRAFIA.CARTOGRAFIA.DISTRITOS"</Process><Process ToolSource="c:\program files (x86)\arcgis\desktop10.5\ArcToolbox\Toolboxes\Data Management Tools.tbx\Append" Date="20210720" Time="114036">Append 'Conexiones de base de datos\PRO SIG_CARTOGRAFIA_OWNER.sde\SIG_CARTOGRAFIA.CARTOGRAFIA.LIMITES_ADMINISTRATIVOS\SIG_CARTOGRAFIA.CARTOGRAFIA.DISTRITOS_20210712_P' "Conexiones de base de datos\PRO SIG_CARTOGRAFIA_OWNER.sde\SIG_CARTOGRAFIA.CARTOGRAFIA.LIMITES_ADMINISTRATIVOS\SIG_CARTOGRAFIA.CARTOGRAFIA.DISTRITOS" NO_TEST "Shape_Leng "Shape_Leng" true true false 8 Double 8 38 ,First,#;COD_DIS "COD_DIS" true true false 2 Text 0 0 ,First,#,Conexiones de base de datos\PRO SIG_CARTOGRAFIA_OWNER.sde\SIG_CARTOGRAFIA.CARTOGRAFIA.LIMITES_ADMINISTRATIVOS\SIG_CARTOGRAFIA.CARTOGRAFIA.DISTRITOS_20210712_P,COD_DIS,-1,-1;COD_DIS_TX "COD_DIS_TX" true true false 2 Text 0 0 ,First,#,Conexiones de base de datos\PRO SIG_CARTOGRAFIA_OWNER.sde\SIG_CARTOGRAFIA.CARTOGRAFIA.LIMITES_ADMINISTRATIVOS\SIG_CARTOGRAFIA.CARTOGRAFIA.DISTRITOS_20210712_P,COD_DIS_TX,-1,-1;NOMBRE "NOMBRE" true true false 25 Text 0 0 ,First,#,Conexiones de base de datos\PRO SIG_CARTOGRAFIA_OWNER.sde\SIG_CARTOGRAFIA.CARTOGRAFIA.LIMITES_ADMINISTRATIVOS\SIG_CARTOGRAFIA.CARTOGRAFIA.DISTRITOS_20210712_P,NOMBRE,-1,-1;DISTRI_MAY "DISTRI_MAY" true true false 25 Text 0 0 ,First,#,Conexiones de base de datos\PRO SIG_CARTOGRAFIA_OWNER.sde\SIG_CARTOGRAFIA.CARTOGRAFIA.LIMITES_ADMINISTRATIVOS\SIG_CARTOGRAFIA.CARTOGRAFIA.DISTRITOS_20210712_P,DISTRI_MAY,-1,-1;DISTRI_MT "DISTRI_MT" true true false 25 Text 0 0 ,First,#,Conexiones de base de datos\PRO SIG_CARTOGRAFIA_OWNER.sde\SIG_CARTOGRAFIA.CARTOGRAFIA.LIMITES_ADMINISTRATIVOS\SIG_CARTOGRAFIA.CARTOGRAFIA.DISTRITOS_20210712_P,DISTRI_MT,-1,-1;Shape.STArea() "Shape.STArea()" false false true 0 Double 0 0 ,First,#,Conexiones de base de datos\PRO SIG_CARTOGRAFIA_OWNER.sde\SIG_CARTOGRAFIA.CARTOGRAFIA.LIMITES_ADMINISTRATIVOS\SIG_CARTOGRAFIA.CARTOGRAFIA.DISTRITOS_20210712_P,Shape.STArea(),-1,-1;Shape.STLength() "Shape.STLength()" false false true 0 Double 0 0 ,First,#,Conexiones de base de datos\PRO SIG_CARTOGRAFIA_OWNER.sde\SIG_CARTOGRAFIA.CARTOGRAFIA.LIMITES_ADMINISTRATIVOS\SIG_CARTOGRAFIA.CARTOGRAFIA.DISTRITOS_20210712_P,Shape.STLength(),-1,-1" #</Process><Process ToolSource="c:\program files\arcgis\pro\Resources\ArcToolbox\Toolboxes\Data Management Tools.tbx\UpdateSchema" Date="20230714" Time="071917">UpdateSchema "CIMDATA=&lt;CIMFeatureDatasetDataConnection xsi:type='typens:CIMFeatureDatasetDataConnection' xmlns:xsi='http://www.w3.org/2001/XMLSchema-instance' xmlns:xs='http://www.w3.org/2001/XMLSchema' xmlns:typens='http://www.esri.com/schemas/ArcGIS/2.9.0'&gt;&lt;FeatureDataset&gt;SIG_CARTOGRAFIA.CARTOGRAFIA.LIMITES_ADMINISTRATIVOS&lt;/FeatureDataset&gt;&lt;WorkspaceConnectionString&gt;ENCRYPTED_PASSWORD=00022e684d766f6734344d726373326b4a324c2f792f564d74597750383164532f466b614242585a634967485959593d2a00;SERVER=SGDBGIS.MUNIMADRID.ES;INSTANCE=sde:sqlserver:SGDBGIS.MUNIMADRID.ES;DBCLIENT=sqlserver;DB_CONNECTION_PROPERTIES=SGDBGIS.MUNIMADRID.ES;DATABASE=SIG_CARTOGRAFIA;USER=CARTOGRAFIA_OWNER;VERSION=sde.DEFAULT;AUTHENTICATION_MODE=DBMS&lt;/WorkspaceConnectionString&gt;&lt;WorkspaceFactory&gt;SDE&lt;/WorkspaceFactory&gt;&lt;Dataset&gt;SIG_CARTOGRAFIA.CARTOGRAFIA.DISTRITOS&lt;/Dataset&gt;&lt;DatasetType&gt;esriDTFeatureClass&lt;/DatasetType&gt;&lt;/CIMFeatureDatasetDataConnection&gt;" &lt;operationSequence&gt;&lt;workflow&gt;&lt;AddField&gt;&lt;field_name&gt;FCH_ALT&lt;/field_name&gt;&lt;field_type&gt;DATE&lt;/field_type&gt;&lt;field_precision&gt;0&lt;/field_precision&gt;&lt;field_alias&gt;FCH_ALT&lt;/field_alias&gt;&lt;field_is_nullable&gt;True&lt;/field_is_nullable&gt;&lt;field_is_required&gt;False&lt;/field_is_required&gt;&lt;/AddField&gt;&lt;/workflow&gt;&lt;workflow&gt;&lt;AddField&gt;&lt;field_name&gt;FCH_BAJ&lt;/field_name&gt;&lt;field_type&gt;DATE&lt;/field_type&gt;&lt;field_precision&gt;0&lt;/field_precision&gt;&lt;field_alias&gt;FCH_BAJ&lt;/field_alias&gt;&lt;field_is_nullable&gt;True&lt;/field_is_nullable&gt;&lt;field_is_required&gt;False&lt;/field_is_required&gt;&lt;/AddField&gt;&lt;/workflow&gt;&lt;workflow&gt;&lt;AddField&gt;&lt;field_name&gt;OBSERVACIONES&lt;/field_name&gt;&lt;field_type&gt;TEXT&lt;/field_type&gt;&lt;field_precision&gt;0&lt;/field_precision&gt;&lt;field_length&gt;255&lt;/field_length&gt;&lt;field_alias&gt;OBSERVACIONES&lt;/field_alias&gt;&lt;field_is_nullable&gt;True&lt;/field_is_nullable&gt;&lt;field_is_required&gt;False&lt;/field_is_required&gt;&lt;/AddField&gt;&lt;/workflow&gt;&lt;workflow&gt;&lt;AddField&gt;&lt;field_name&gt;ACUERDO&lt;/field_name&gt;&lt;field_type&gt;TEXT&lt;/field_type&gt;&lt;field_precision&gt;0&lt;/field_precision&gt;&lt;field_length&gt;255&lt;/field_length&gt;&lt;field_alias&gt;ACUERDO&lt;/field_alias&gt;&lt;field_is_nullable&gt;True&lt;/field_is_nullable&gt;&lt;field_is_required&gt;False&lt;/field_is_required&gt;&lt;/AddField&gt;&lt;/workflow&gt;&lt;/operationSequence&gt;</Process><Process ToolSource="c:\program files\arcgis\pro\Resources\ArcToolbox\toolboxes\Data Management Tools.tbx\DeleteFeatures" Date="20240205" Time="164706">DeleteFeatures SIG_CARTOGRAFIA.CARTOGRAFIA.DISTRITOS</Process><Process ToolSource="c:\program files\arcgis\pro\Resources\ArcToolbox\toolboxes\Data Management Tools.tbx\Append" Date="20240205" Time="164837">Append SIG_CARTOGRAFIA.CARTOGRAFIA.DISTRITOS_20240108 SIG_CARTOGRAFIA.CARTOGRAFIA.DISTRITOS "Los campos de entrada deben coincidir con los campos de destino" # # #</Process><Process ToolSource="c:\program files\arcgis\pro\Resources\ArcToolbox\toolboxes\Conversion Tools.tbx\FeatureClassToFeatureClass" Date="20240205" Time="173101">FeatureClassToFeatureClass SIG_CARTOGRAFIA.CARTOGRAFIA.DISTRITOS C:\APOT\2024\TEMPORAL_2024\LTM\2024 DISTRITOS.shp # "Shape_Leng "Shape_Leng" true true false 8 Double 8 38,First,#,SIG_CARTOGRAFIA.CARTOGRAFIA.DISTRITOS,Shape_Leng,-1,-1;COD_DIS "COD_DIS" true true false 2 Text 0 0,First,#,SIG_CARTOGRAFIA.CARTOGRAFIA.DISTRITOS,COD_DIS,0,2;COD_DIS_TX "COD_DIS_TX" true true false 2 Text 0 0,First,#,SIG_CARTOGRAFIA.CARTOGRAFIA.DISTRITOS,COD_DIS_TX,0,2;NOMBRE "NOMBRE" true true false 25 Text 0 0,First,#,SIG_CARTOGRAFIA.CARTOGRAFIA.DISTRITOS,NOMBRE,0,25;DISTRI_MAY "DISTRI_MAY" true true false 25 Text 0 0,First,#,SIG_CARTOGRAFIA.CARTOGRAFIA.DISTRITOS,DISTRI_MAY,0,25;DISTRI_MT "DISTRI_MT" true true false 25 Text 0 0,First,#,SIG_CARTOGRAFIA.CARTOGRAFIA.DISTRITOS,DISTRI_MT,0,25;FCH_ALT "FCH_ALT" true true false 8 Date 0 0,First,#,SIG_CARTOGRAFIA.CARTOGRAFIA.DISTRITOS,FCH_ALT,-1,-1;FCH_BAJ "FCH_BAJ" true true false 8 Date 0 0,First,#,SIG_CARTOGRAFIA.CARTOGRAFIA.DISTRITOS,FCH_BAJ,-1,-1;OBSERVACIONES "OBSERVACIONES" true true false 255 Text 0 0,First,#,SIG_CARTOGRAFIA.CARTOGRAFIA.DISTRITOS,OBSERVACIONES,0,255;ACUERDO "ACUERDO" true true false 255 Text 0 0,First,#,SIG_CARTOGRAFIA.CARTOGRAFIA.DISTRITOS,ACUERDO,0,255" #</Process><Process ToolSource="c:\program files\arcgis\pro\Resources\ArcToolbox\toolboxes\Data Management Tools.tbx\DeleteField" Date="20240205" Time="221743">DeleteField DISTRITOS FCH_ALT "Eliminar campos"</Process><Process ToolSource="c:\program files\arcgis\pro\Resources\ArcToolbox\toolboxes\Data Management Tools.tbx\DeleteField" Date="20240205" Time="221746">DeleteField DISTRITOS FCH_BAJ "Eliminar campos"</Process><Process ToolSource="c:\program files\arcgis\pro\Resources\ArcToolbox\toolboxes\Data Management Tools.tbx\DeleteField" Date="20240205" Time="221750">DeleteField DISTRITOS OBSERVACIO "Eliminar campos"</Process><Process ToolSource="c:\program files\arcgis\pro\Resources\ArcToolbox\toolboxes\Data Management Tools.tbx\DeleteField" Date="20240205" Time="221755">DeleteField DISTRITOS ACUERDO "Eliminar campos"</Process></lineage></DataProperties><SyncDate>20240205</SyncDate><SyncTime>17310100</SyncTime><ModDate>20240205</ModDate><ModTime>17310100</ModTime><ArcGISFormat>1.0</ArcGISFormat></Esri><dataIdInfo><envirDesc Sync="TRUE">Microsoft Windows 10 Version 10.0 (Build 19045) ; Esri ArcGIS 12.9.7.32739</envirDesc><dataLang><languageCode value="spa" Sync="TRUE"/><countryCode value="ESP" Sync="TRUE"/></dataLang><idCitation><resTitle Sync="TRUE">DISTRITOS</resTitle><presForm><PresFormCd value="005" Sync="TRUE"/></presForm></idCitation><spatRpType><SpatRepTypCd value="001" Sync="TRUE"/></spatRpType></dataIdInfo><mdLang><languageCode value="spa" Sync="TRUE"/><countryCode value="ESP" Sync="TRUE"/></mdLang><distInfo><distFormat><formatName Sync="TRUE">Shapefile</formatName></distFormat><distTranOps><transSize Sync="TRUE">0.000</transSize></distTranOps></distInfo><mdHrLv><ScopeCd value="005" Sync="TRUE"/></mdHrLv><mdHrLvName Sync="TRUE">dataset</mdHrLvName><refSysInfo><RefSystem><refSysID><identCode code="25830" Sync="TRUE"/><idCodeSpace Sync="TRUE">EPSG</idCodeSpace><idVersion Sync="TRUE">4.3(4.0.0)</idVersion></refSysID></RefSystem></refSysInfo><spatRepInfo><VectSpatRep><geometObjs Name="DISTRITOS"><geoObjTyp><GeoObjTypCd value="002" Sync="TRUE"></GeoObjTypCd></geoObjTyp><geoObjCnt Sync="TRUE">0</geoObjCnt></geometObjs><topLvl><TopoLevCd value="001" Sync="TRUE"></TopoLevCd></topLvl></VectSpatRep></spatRepInfo><spdoinfo><ptvctinf><esriterm Name="DISTRITOS"><efeatyp Sync="TRUE">Simple</efeatyp><efeageom code="4" Sync="TRUE"></efeageom><esritopo Sync="TRUE">FALSE</esritopo><efeacnt Sync="TRUE">0</efeacnt><spindex Sync="TRUE">FALSE</spindex><linrefer Sync="TRUE">FALSE</linrefer></esriterm></ptvctinf></spdoinfo><eainfo><detailed Name="DISTRITOS"><enttyp><enttypl Sync="TRUE">DISTRITOS</enttypl><enttypt Sync="TRUE">Feature Class</enttypt><enttypc Sync="TRUE">0</enttypc></enttyp><attr><attrlabl Sync="TRUE">FID</attrlabl><attalias Sync="TRUE">FID</attalias><attrtype Sync="TRUE">OID</attrtype><attwidth Sync="TRUE">4</attwidth><atprecis Sync="TRUE">0</atprecis><attscale Sync="TRUE">0</attscale><attrdef Sync="TRUE">Internal feature number.</attrdef><attrdefs Sync="TRUE">Esri</attrdefs><attrdomv><udom Sync="TRUE">Sequential unique whole numbers that are automatically generated.</udom></attrdomv></attr><attr><attrlabl Sync="TRUE">Shape_Leng</attrlabl><attalias Sync="TRUE">Shape_Leng</attalias><attrtype Sync="TRUE">Double</attrtype><attwidth Sync="TRUE">19</attwidth><atprecis Sync="TRUE">18</atprecis><attscale Sync="TRUE">8</attscale></attr><attr><attrlabl Sync="TRUE">COD_DIS</attrlabl><attalias Sync="TRUE">COD_DIS</attalias><attrtype Sync="TRUE">String</attrtype><attwidth Sync="TRUE">2</attwidth><atprecis Sync="TRUE">0</atprecis><attscale Sync="TRUE">0</attscale></attr><attr><attrlabl Sync="TRUE">COD_DIS_TX</attrlabl><attalias Sync="TRUE">COD_DIS_TX</attalias><attrtype Sync="TRUE">String</attrtype><attwidth Sync="TRUE">2</attwidth><atprecis Sync="TRUE">0</atprecis><attscale Sync="TRUE">0</attscale></attr><attr><attrlabl Sync="TRUE">NOMBRE</attrlabl><attalias Sync="TRUE">NOMBRE</attalias><attrtype Sync="TRUE">String</attrtype><attwidth Sync="TRUE">25</attwidth><atprecis Sync="TRUE">0</atprecis><attscale Sync="TRUE">0</attscale></attr><attr><attrlabl Sync="TRUE">DISTRI_MAY</attrlabl><attalias Sync="TRUE">DISTRI_MAY</attalias><attrtype Sync="TRUE">String</attrtype><attwidth Sync="TRUE">25</attwidth><atprecis Sync="TRUE">0</atprecis><attscale Sync="TRUE">0</attscale></attr><attr><attrlabl Sync="TRUE">DISTRI_MT</attrlabl><attalias Sync="TRUE">DISTRI_MT</attalias><attrtype Sync="TRUE">String</attrtype><attwidth Sync="TRUE">25</attwidth><atprecis Sync="TRUE">0</atprecis><attscale Sync="TRUE">0</attscale></attr><attr><attrlabl Sync="TRUE">Shape</attrlabl><attalias Sync="TRUE">Shape</attalias><attrtype Sync="TRUE">Geometry</attrtype><attwidth Sync="TRUE">0</attwidth><atprecis Sync="TRUE">0</atprecis><attscale Sync="TRUE">0</attscale><attrdef Sync="TRUE">Feature geometry.</attrdef><attrdefs Sync="TRUE">Esri</attrdefs><attrdomv><udom Sync="TRUE">Coordinates defining the features.</udom></attrdomv></attr><attr><attrlabl Sync="TRUE">FCH_ALT</attrlabl><attalias Sync="TRUE">FCH_ALT</attalias><attrtype Sync="TRUE">Date</attrtype><attwidth Sync="TRUE">8</attwidth><atprecis Sync="TRUE">0</atprecis><attscale Sync="TRUE">0</attscale></attr><attr><attrlabl Sync="TRUE">FCH_BAJ</attrlabl><attalias Sync="TRUE">FCH_BAJ</attalias><attrtype Sync="TRUE">Date</attrtype><attwidth Sync="TRUE">8</attwidth><atprecis Sync="TRUE">0</atprecis><attscale Sync="TRUE">0</attscale></attr><attr><attrlabl Sync="TRUE">OBSERVACIO</attrlabl><attalias Sync="TRUE">OBSERVACIO</attalias><attrtype Sync="TRUE">String</attrtype><attwidth Sync="TRUE">254</attwidth><atprecis Sync="TRUE">0</atprecis><attscale Sync="TRUE">0</attscale></attr><attr><attrlabl Sync="TRUE">ACUERDO</attrlabl><attalias Sync="TRUE">ACUERDO</attalias><attrtype Sync="TRUE">String</attrtype><attwidth Sync="TRUE">254</attwidth><atprecis Sync="TRUE">0</atprecis><attscale Sync="TRUE">0</attscale></attr></detailed></eainfo><mdDateSt Sync="TRUE">20240205</mdDateSt></gmd:MD_Metadata>
